[
{
    "CoupangProductNumber": "6991171648 - 17111211496",
    "KeySpecifications": "for all skin types",
    "brand": "La Roche Posay",
    "brandKo": "라로슈포제",
    "capacity": "Quantity 1 set",
    "capacity2": "[Cicaplast Balm] 100ml [Cotton Cotton] 40 sheets",
    "category": "skin care",
    "category2": "Coupang Home > Beauty > Skin Care > Cream/All-in-one > Facial Cream",
    "desc": "Skin type: all skin",
    "link": "https://www.coupang.com/vp/products/6991171648?itemId=17111211496&vendorItemId=84284899222&sourceType=CATEGORY&categoryId=176422\n",
    "main_img": [
        "SKU_37MD2KG_7UZKNAG_1",
        "SKU_37MD2KG_7UZKNAG_2",
        "SKU_37MD2KG_7UZKNAG_3"
    ],
    "name": "La Roche-Posay NEW Cicaplast Balm B5+ 100ml + Cotton Cotton 40p Set",
    "nameKo": "라로슈포제 NEW 시카플라스트 밤 B5+ 100ml + 순면화장솜 40p 세트",
    "price_before_dc": "No discount",
    "price_after_dc": "KRW 38,000",
    "sku": "SKU_37MD2KG_7UZKNAG",
    "textBetween": "",
    "thumbs": [
        "SKU_37MD2KG_7UZKNAG_4",
        "SKU_37MD2KG_7UZKNAG_5",
        "SKU_37MD2KG_7UZKNAG_6"
    ]
},
{
    "CoupangProductNumber": "6388340244 - 13606427499",
    "KeySpecifications": "for all skin types",
    "brand": "Amelie",
    "brandKo": "아멜리",
    "capacity": "Color × Quantity 003 Milky Violet × 1",
    "capacity2": "6.2g",
    "category": "make up",
    "category2": "Coupang Home > Beauty > Makeup > Base Makeup > Powder/Powder Pact",
    "desc": "Weight per piece: 6.2g\nComposition: original product\nColor family: Purple/Lavender/Violet\nContainer type: pallet/pack type",
    "link": "https://www.coupang.com/vp/products/6388340244?itemId=13606427499&vendorItemId=80859475554&sourceType=CATEGORY&categoryId=176422\n",
    "main_img": [
        "SKU_2XNGAVO_690WYNF_1",
        "SKU_2XNGAVO_690WYNF_2",
        "SKU_2XNGAVO_690WYNF_3",
        "SKU_2XNGAVO_690WYNF_4",
        "SKU_2XNGAVO_690WYNF_5",
        "SKU_2XNGAVO_690WYNF_6",
        "SKU_2XNGAVO_690WYNF_7",
        "SKU_2XNGAVO_690WYNF_8",
        "SKU_2XNGAVO_690WYNF_9"
    ],
    "name": "Amelie Baked Powder 6.2g",
    "nameKo": "아멜리 베이크드파우더 6.2g",
    "price_before_dc": "34,000 won",
    "price_after_dc": "KRW 30,600",
    "sku": "SKU_2XNGAVO_690WYNF",
    "textBetween": "",
    "thumbs": [
        "SKU_2XNGAVO_690WYNF_10",
        "SKU_2XNGAVO_690WYNF_11"
    ]
},
{
    "CoupangProductNumber": "6726923746 - 15661589689",
    "KeySpecifications": "for all skin types",
    "brand": "Nivea",
    "brandKo": "니베아",
    "capacity": "Capacity per piece × Quantity 150ml × 4",
    "capacity2": "content reference",
    "category": "skin care",
    "category2": "Coupang Home > Beauty > Skin Care > Cream/All-in-one > Facial Cream",
    "desc": "Area used: face\nCream Type: Cream",
    "link": "https://www.coupang.com/vp/products/6726923746?itemId=15661589689&vendorItemId=82877379663&sourceType=CATEGORY&categoryId=176422\n",
    "main_img": [
        "SKU_3391BKY_770I7Y1_1",
        "SKU_3391BKY_770I7Y1_2"
    ],
    "name": "nivea cream",
    "nameKo": "니베아 크림",
    "price_before_dc": "26,000 won",
    "price_after_dc": "KRW 21,630",
    "sku": "SKU_3391BKY_770I7Y1",
    "textBetween": "",
    "thumbs": [
        "SKU_3391BKY_770I7Y1_3"
    ]
},
{
    "CoupangProductNumber": "6964520622 - 16967413502",
    "KeySpecifications": "for all skin types",
    "brand": "laneige",
    "brandKo": "라네즈",
    "capacity": "Capacity per piece × Quantity 250ml × 1 set",
    "capacity2": "[Original Product] 250ml [Water Sleeping Mask EX] 15ml [Water Bank Blue Hyaluronic Cream] 10ml [Water Bank Blue Hyaluronic Serum] 10ml",
    "category": "skin care",
    "category2": "Coupang Home > Beauty > Skin Care > Skin",
    "desc": "Target use: Unisex\nSkin type: all skin",
    "link": "https://www.coupang.com/vp/products/6964520622?itemId=16967413502&vendorItemId=84144315193&sourceType=CATEGORY&categoryId=176422\n",
    "main_img": [
        "SKU_376HUI6_7SLYK1Q_1",
        "SKU_376HUI6_7SLYK1Q_2",
        "SKU_376HUI6_7SLYK1Q_3",
        "SKU_376HUI6_7SLYK1Q_4",
        "SKU_376HUI6_7SLYK1Q_5",
        "SKU_376HUI6_7SLYK1Q_6"
    ],
    "name": "Laneige Cream Skin Set",
    "nameKo": "라네즈 크림 스킨 세트",
    "price_before_dc": "KRW 42,000",
    "price_after_dc": "KRW 29,400",
    "sku": "SKU_376HUI6_7SLYK1Q",
    "textBetween": "",
    "thumbs": [
        "SKU_376HUI6_7SLYK1Q_7",
        "SKU_376HUI6_7SLYK1Q_8",
        "SKU_376HUI6_7SLYK1Q_9"
    ]
},
{
    "CoupangProductNumber": "7086181945 - 17646024182",
    "KeySpecifications": "content reference",
    "brand": "Espoir",
    "brandKo": "에스쁘아",
    "capacity": "Capacity per piece × Quantity 60ml × 1 piece",
    "capacity2": "content reference",
    "category": "skin care",
    "category2": "Coupang Home › Beauty › Skin Care   > Sun Care/Tanning   > Sun Care   > Sun Block/Sun Cream/Sun Lotion",
    "desc": "Target use: Unisex\nPart of use: Common\nSPF: SPF50+\nColorless/Colored: Colorless",
    "link": "https://www.coupang.com/vp/products/7086181945?itemId=17646024182&vendorItemId=84811642454&sourceType=CATEGORY&categoryId=176422\n",
    "main_img": [
        "SKU_396XGZD_83TZJEE_1",
        "SKU_396XGZD_83TZJEE_2",
        "SKU_396XGZD_83TZJEE_3"
    ],
    "name": "Espoir Water Splash Ceramide Sun Cream SPF50+ PA++++",
    "nameKo": "에스쁘아 워터 스플래쉬 세라마이드 선크림 SPF50+ PA++++",
    "price_before_dc": "22,000 won",
    "price_after_dc": "KRW 13,870",
    "sku": "SKU_396XGZD_83TZJEE",
    "textBetween": "",
    "thumbs": [
        "SKU_396XGZD_83TZJEE_4",
        "SKU_396XGZD_83TZJEE_5"
    ]
},
{
    "CoupangProductNumber": "6249008831 - 12656558190",
    "KeySpecifications": "for all skin types",
    "brand": "aestura",
    "brandKo": "에스트라",
    "capacity": "Capacity per piece × Quantity 90ml × 1 piece",
    "capacity2": "90ml",
    "category": "skin care",
    "category2": "Coupang Home > Beauty > Skin Care > Cream/All-in-one > Facial Cream",
    "desc": "Skin type: all skin\nSkin concerns: soothing/moisturizing\nArea used: face\nCream Type: Cream",
    "link": "https://www.coupang.com/vp/products/6249008831?itemId=12656558190&vendorItemId=79923886105&sourceType=CATEGORY&categoryId=176422\n",
    "main_img": [
        "SKU_2VCHY2N_5TBDYSU_1",
        "SKU_2VCHY2N_5TBDYSU_2"
    ],
    "name": "Aestura Atobarrier 365 Cream Plus",
    "nameKo": "에스트라 아토베리어365 크림 플러스",
    "price_before_dc": "KRW 38,500",
    "price_after_dc": "KRW 32,420",
    "sku": "SKU_2VCHY2N_5TBDYSU",
    "textBetween": "",
    "thumbs": [
        "SKU_2VCHY2N_5TBDYSU_3",
        "SKU_2VCHY2N_5TBDYSU_4",
        "SKU_2VCHY2N_5TBDYSU_5",
        "SKU_2VCHY2N_5TBDYSU_6"
    ]
},
{
    "CoupangProductNumber": "6685577070 - 16430184220",
    "KeySpecifications": "for all skin types",
    "brand": "Torriden",
    "brandKo": "토리든",
    "capacity": "Capacity per piece × Quantity 40ml × 1 piece",
    "capacity2": "content reference",
    "category": "skin care",
    "category2": "Coupang Home > Beauty > Skin Care > Essence/Serum/Ampoule",
    "desc": "Skin type: all skin\nSkin concerns: soothing/moisturizing\nFragrance: Unscented\nContainer type: dropper type",
    "link": "https://www.coupang.com/vp/products/6685577070?itemId=16430184220&vendorItemId=83620988917&sourceType=CATEGORY&categoryId=176422\n",
    "main_img": [
        "SKU_32KF4A6_7JQ3VA4_1"
    ],
    "name": "Toryden Dive-In Low Molecular Weight Hyaluronic Acid Serum",
    "nameKo": "토리든 다이브인 저분자 히알루론산 세럼",
    "price_before_dc": "No discount",
    "price_after_dc": "20,000 won",
    "sku": "SKU_32KF4A6_7JQ3VA4",
    "textBetween": "",
    "thumbs": [
        "SKU_32KF4A6_7JQ3VA4_2"
    ]
},
{
    "CoupangProductNumber": "7151226287 - 17979197812",
    "KeySpecifications": "for all skin types",
    "brand": "Senka",
    "brandKo": "센카",
    "capacity": "Weight per piece × Quantity 120g × 2",
    "capacity2": "120g",
    "category": "Cleansing/Peeling",
    "category2": "Coupang Home > Beauty > Cleansing/Peeling > Cleansing Foam",
    "desc": "Container Type: Tubular\nSkin type: all skin\nSkin Concerns: Pores\nArea used: face",
    "link": "https://www.coupang.com/vp/products/7151226287?itemId=17979197812&vendorItemId=85136092507&sourceType=CATEGORY&categoryId=176422\n",
    "main_img": [
        "SKU_3A9NLIN_89CCLTG_1"
    ],
    "name": "Senka NEW Perfect Whip Facial Wash A Cleansing Foam",
    "nameKo": "센카 NEW 퍼펙트 휩 페이셜 워시 에이 클렌징폼",
    "price_before_dc": "KRW 17,600",
    "price_after_dc": "KRW 14,900",
    "sku": "SKU_3A9NLIN_89CCLTG",
    "textBetween": "",
    "thumbs": [
        "SKU_3A9NLIN_89CCLTG_2"
    ]
},
{
    "CoupangProductNumber": "6982012006 - 17058727046",
    "KeySpecifications": "for all skin types",
    "brand": "",
    "brandKo": "",
    "capacity": "Capacity per piece × Quantity 32ml × 1 piece",
    "capacity2": "Factor",
    "category": "skin care",
    "category2": "Coupang Home > Beauty > Skin Care > Essence/Serum/Ampoule",
    "desc": "Skin type: all skin\nSkin concerns: soothing/moisturizing\nContainer type: dropper type",
    "link": "https://www.coupang.com/vp/products/6982012006?itemId=17058727046&vendorItemId=73453050353&sourceType=CATEGORY&categoryId=176422\n",
    "main_img": [
        "SKU_37GWQXY_7U4BQ12_1"
    ],
    "name": "Seedmul Skinsource Dipanthenol Ampoule",
    "nameKo": "시드물 스킨소스 디판테놀 앰플",
    "price_before_dc": "No discount",
    "price_after_dc": "KRW 21,800",
    "sku": "SKU_37GWQXY_7U4BQ12",
    "textBetween": "",
    "thumbs": [
        "SKU_37GWQXY_7U4BQ12_2"
    ]
},
{
    "CoupangProductNumber": "1198745760 - 2183052733",
    "KeySpecifications": "for all skin types",
    "brand": "COSRX",
    "brandKo": "코스알엑스",
    "capacity": "Capacity per piece × Quantity 50ml × 1 piece",
    "capacity2": "50ml",
    "category": "skin care",
    "category2": "Coupang Home > Beauty > Skin Care > Sun Care/Tanning > Sun Care > Aloe/Soothing/Aftersun",
    "desc": "Skin concerns: soothing/moisturizing\nCream type: gel cream\nSkin type: Combination\nArea used: face",
    "link": "https://www.coupang.com/vp/products/1198745760?itemId=2183052733&vendorItemId=70181087097&sourceType=CATEGORY&categoryId=176422\n",
    "main_img": [
        "SKU_JTPA5C_103QE9P_1"
    ],
    "name": "COSRX Hydrium Green Tea Aqua Soothing Gel Cream",
    "nameKo": "코스알엑스 하이드리움 그린티 아쿠아 수딩 젤 크림",
    "price_before_dc": "KRW 20,330",
    "price_after_dc": "KRW 18,550",
    "sku": "SKU_JTPA5C_103QE9P",
    "textBetween": "",
    "thumbs": [
        "SKU_JTPA5C_103QE9P_2",
        "SKU_JTPA5C_103QE9P_3",
        "SKU_JTPA5C_103QE9P_4",
        "SKU_JTPA5C_103QE9P_5",
        "SKU_JTPA5C_103QE9P_6",
        "SKU_JTPA5C_103QE9P_7",
        "SKU_JTPA5C_103QE9P_8"
    ]
},
{
    "CoupangProductNumber": "6579724622 - 14790526465",
    "KeySpecifications": "for all skin types",
    "brand": "",
    "brandKo": "",
    "capacity": "Color × Quantity No. 3 Jeffrey × 1",
    "capacity2": "15g",
    "category": "men's cosmetics",
    "category2": "Coupang Home > Beauty > Men's Cosmetics > Men's Makeup > Base Makeup",
    "desc": "Skin type: all skin\nSPF: SPF34\nPA Index: ++\nColorless/Colored: Colored",
    "link": "https://www.coupang.com/vp/products/6579724622?itemId=14790526465&vendorItemId=82030470589&sourceType=CATEGORY&categoryId=176422\n",
    "main_img": [
        "SKU_30TEC0E_6SLWB9D_1",
        "SKU_30TEC0E_6SLWB9D_2"
    ],
    "name": "Beready Magnetic Fitting Cushion for Heroes 15g",
    "nameKo": "비레디 마그네틱 피팅 쿠션 포 히어로즈 15g",
    "price_before_dc": "29,000 won",
    "price_after_dc": "KRW 17,490",
    "sku": "SKU_30TEC0E_6SLWB9D",
    "textBetween": "",
    "thumbs": [
        "SKU_30TEC0E_6SLWB9D_3",
        "SKU_30TEC0E_6SLWB9D_4"
    ]
},
{
    "CoupangProductNumber": "2274778647 - 3902987659",
    "KeySpecifications": "for all skin types",
    "brand": "Kim Jung-moon Aloe",
    "brandKo": "김정문알로에",
    "capacity": "Quantity 1 set",
    "capacity2": "Product: 80g*2ea / Cure Mini: 3.5g*2ea / Cleanser: 2ml*3ea",
    "category": "skin care",
    "category2": "Coupang Home > Beauty > Skin Care > Cream/All-in-one > Facial Cream",
    "desc": "Skin concerns: soothing/moisturizing\nSkin type: all skin\nCream Type: Cream\nFragrance: Other Fragrance",
    "link": "https://www.coupang.com/vp/products/2274778647?itemId=3902987659&vendorItemId=71887569337&sourceType=CATEGORY&categoryId=176422\n",
    "main_img": [
        "SKU_11MCEFR_1SJQKJV_1",
        "SKU_11MCEFR_1SJQKJV_2"
    ],
    "name": "Kim Jeong-moon Aloe Cure Plus Cream 80g x 2p + Cure 2X Mini 3.5g x 2p + Cleanser 2ml x 3p Set",
    "nameKo": "김정문알로에 큐어 플러스 크림 80g x 2p + 큐어2X 미니 3.5g x 2p + 클렌저 2ml x 3p 세트",
    "price_before_dc": "KRW 100,000",
    "price_after_dc": "KRW 18,090",
    "sku": "SKU_11MCEFR_1SJQKJV",
    "textBetween": "",
    "thumbs": [
        "SKU_11MCEFR_1SJQKJV_3",
        "SKU_11MCEFR_1SJQKJV_4",
        "SKU_11MCEFR_1SJQKJV_5"
    ]
},
{
    "CoupangProductNumber": "5848731774 - 10171759917",
    "KeySpecifications": "for all skin types",
    "brand": "missha",
    "brandKo": "미샤",
    "capacity": "Capacity per piece × Quantity 70ml × 1 piece",
    "capacity2": "70 ml",
    "category": "skin care",
    "category2": "Coupang Home > Beauty > Skin Care > Essence/Serum/Ampoule",
    "desc": "Skin type: all skin\nSkin Concerns: Elasticity\nFragrance: Frankincense\nArea used: face",
    "link": "https://www.coupang.com/vp/products/5848731774?itemId=10171759917&vendorItemId=77454353933&sourceType=CATEGORY&categoryId=176422\n",
    "main_img": [
        "SKU_2OQ6MBI_4O8046L_1",
        "SKU_2OQ6MBI_4O8046L_2",
        "SKU_2OQ6MBI_4O8046L_3"
    ],
    "name": "Missha Time Revolution Night Repair Ampoule 5X",
    "nameKo": "미샤 타임 레볼루션 나이트리페어 앰플 5X",
    "price_before_dc": "44,000 won",
    "price_after_dc": "KRW 19,060",
    "sku": "SKU_2OQ6MBI_4O8046L",
    "textBetween": "",
    "thumbs": [
        "SKU_2OQ6MBI_4O8046L_4",
        "SKU_2OQ6MBI_4O8046L_5",
        "SKU_2OQ6MBI_4O8046L_6"
    ]
},
{
    "CoupangProductNumber": "7156628978 - 18002986458",
    "KeySpecifications": "for all skin types",
    "brand": "Hera",
    "brandKo": "헤라",
    "capacity": "Color × Quantity 21N1 Vanilla × 1",
    "capacity2": "content reference",
    "category": "make up",
    "category2": "Coupang Home > Beauty > Make-Up > Base Make-Up > Foundation",
    "desc": "Color family: nude/beige\nContainer type: tube/pump type\nType: Liquid/Gel\nWeight per piece: 15g",
    "link": "https://www.coupang.com/vp/products/7156628978?itemId=18002986458&vendorItemId=82431543081&sourceType=CATEGORY&categoryId=176422\n",
    "main_img": [
        "SKU_3ACVE9E_89QIH96_1",
        "SKU_3ACVE9E_89QIH96_2",
        "SKU_3ACVE9E_89QIH96_3"
    ],
    "name": "Hera Silky Stay 24H Longwear Foundation SPF20/PA++ 15g",
    "nameKo": "헤라 실키 스테이 24H 롱웨어 파운데이션 SPF20/PA++ 15g",
    "price_before_dc": "KRW 38,000",
    "price_after_dc": "KRW 34,200",
    "sku": "SKU_3ACVE9E_89QIH96",
    "textBetween": "",
    "thumbs": [
        "SKU_3ACVE9E_89QIH96_4",
        "SKU_3ACVE9E_89QIH96_5",
        "SKU_3ACVE9E_89QIH96_6",
        "SKU_3ACVE9E_89QIH96_7",
        "SKU_3ACVE9E_89QIH96_8",
        "SKU_3ACVE9E_89QIH96_9",
        "SKU_3ACVE9E_89QIH96_10"
    ]
},
{
    "CoupangProductNumber": "3673350 - 18115589",
    "KeySpecifications": "for all skin types",
    "brand": "bioderma",
    "brandKo": "바이오더마",
    "capacity": "Quantity 1",
    "capacity2": "content reference",
    "category": "shower/wash",
    "category2": "Coupang Home > Single Life > Shower/Cleansing > Cleansing > Oil/Water",
    "desc": "Skin Concerns: Pores\nSkin type: sensitive/problematic\nArea used: face\nIncome type: -",
    "link": "https://www.coupang.com/vp/products/3673350?itemId=18115589&vendorItemId=3017222271&sourceType=CATEGORY&categoryId=176422\n",
    "main_img": [
        "SKU_26QDI_ASA2T_1",
        "SKU_26QDI_ASA2T_2",
        "SKU_26QDI_ASA2T_3",
        "SKU_26QDI_ASA2T_4"
    ],
    "name": "Bioderma Sensibio H20 Sensitive 500ml + 250ml",
    "nameKo": "바이오더마 센시비오 H20 민감용 500ml + 250ml",
    "price_before_dc": "KRW 33,000",
    "price_after_dc": "KRW 23,900",
    "sku": "SKU_26QDI_ASA2T",
    "textBetween": "",
    "thumbs": [
        "SKU_26QDI_ASA2T_5"
    ]
},
{
    "CoupangProductNumber": "177142050 - 506542395",
    "KeySpecifications": "for all skin types",
    "brand": "",
    "brandKo": "",
    "capacity": "Weight per piece × Quantity 80g × 1 piece",
    "capacity2": "80g",
    "category": "skin care",
    "category2": "Coupang Home > Beauty > Skin Care > Cream/All-in-one > Facial Cream",
    "desc": "Skin concerns: soothing/moisturizing\nSkin type: all skin\nFragrance: Frankincense\nArea used: face",
    "link": "https://www.coupang.com/vp/products/177142050?itemId=506542395&vendorItemId=71598976700&sourceType=CATEGORY&categoryId=176422\n",
    "main_img": [
        "SKU_2XGROI_8DKYM3_1"
    ],
    "name": "Seedmul Madagascar Real Moisture Cream",
    "nameKo": "시드물 마다가스카르 리얼 수분크림",
    "price_before_dc": "KRW 23,800",
    "price_after_dc": "KRW 23,500",
    "sku": "SKU_2XGROI_8DKYM3",
    "textBetween": "",
    "thumbs": [
        "SKU_2XGROI_8DKYM3_2",
        "SKU_2XGROI_8DKYM3_3",
        "SKU_2XGROI_8DKYM3_4",
        "SKU_2XGROI_8DKYM3_5",
        "SKU_2XGROI_8DKYM3_6"
    ]
},
{
    "CoupangProductNumber": "6170390926 - 12040302221",
    "KeySpecifications": "for all skin types",
    "brand": "innisfree",
    "brandKo": "이니스프리",
    "capacity": "Capacity per piece × Quantity 50ml × 1 piece",
    "capacity2": "50ml",
    "category": "skin care",
    "category2": "Coupang Home > Beauty > Skin Care > Essence/Serum/Ampoule",
    "desc": "Skin type: all skin\nContainer type: pump type\nSkin concerns: soothing/moisturizing\nArea used: face",
    "link": "https://www.coupang.com/vp/products/6170390926?itemId=12040302221&vendorItemId=79312529731&sourceType=CATEGORY&categoryId=176422\n",
    "main_img": [
        "SKU_2U1OW3Y_5J4HGNH_1"
    ],
    "name": "Innisfree Retinol Cica Trace Ampoule",
    "nameKo": "이니스프리 레티놀 시카 흔적 앰플",
    "price_before_dc": "KRW 57,000",
    "price_after_dc": "KRW 39,860",
    "sku": "SKU_2U1OW3Y_5J4HGNH",
    "textBetween": "",
    "thumbs": [
        "SKU_2U1OW3Y_5J4HGNH_2",
        "SKU_2U1OW3Y_5J4HGNH_3"
    ]
},
{
    "CoupangProductNumber": "5636513498 - 9183368913",
    "KeySpecifications": "for all skin types",
    "brand": "Avene",
    "brandKo": "아벤느",
    "capacity": "Quantity 1 set",
    "capacity2": "Mist: 300ml, Mist: 50ml",
    "category": "skin care",
    "category2": "Coupang Home > Beauty > Skin Care > Mist",
    "desc": "Skin type: sensitive/problematic\nSkin concerns: soothing/moisturizing\nArea used: face\nMist Type: Moisture Mist",
    "link": "https://www.coupang.com/vp/products/5636513498?itemId=9183368913&vendorItemId=76469226200&sourceType=CATEGORY&categoryId=176422\n",
    "main_img": [
        "SKU_2L7U1NE_47VJGSX_1",
        "SKU_2L7U1NE_47VJGSX_2"
    ],
    "name": "Avene Eau Thermal Thermal Water Mist 300ml 2p + 50ml",
    "nameKo": "아벤느 오 떼르말 온천수 미스트 300ml 2p + 50ml",
    "price_before_dc": "KRW 42,000",
    "price_after_dc": "KRW 26,880",
    "sku": "SKU_2L7U1NE_47VJGSX",
    "textBetween": "",
    "thumbs": [
        "SKU_2L7U1NE_47VJGSX_3",
        "SKU_2L7U1NE_47VJGSX_4",
        "SKU_2L7U1NE_47VJGSX_5",
        "SKU_2L7U1NE_47VJGSX_6"
    ]
},
{
    "CoupangProductNumber": "6408123314 - 4058838457",
    "KeySpecifications": "for all skin types",
    "brand": "AHC",
    "brandKo": "AHC",
    "capacity": "Capacity per piece × Quantity 30ml × 2",
    "capacity2": "30ML X 2ea",
    "category": "skin care",
    "category2": "Coupang Home > Beauty > Skin Care > Cream/All-in-one > Eye/Neck Cream",
    "desc": "Container type: tube type\nComposition: single item set",
    "link": "https://www.coupang.com/vp/products/6408123314?itemId=4058838457&vendorItemId=72042945220&sourceType=CATEGORY&categoryId=176422\n",
    "main_img": [
        "SKU_2XZ8BLE_1V4IZSP_1",
        "SKU_2XZ8BLE_1V4IZSP_2"
    ],
    "name": "AHC Supreme Real For Face Eye Cream",
    "nameKo": "AHC 슈프림 리얼 포 페이스 아이크림",
    "price_before_dc": "40,000 won",
    "price_after_dc": "KRW 16,500",
    "sku": "SKU_2XZ8BLE_1V4IZSP",
    "textBetween": "",
    "thumbs": [
        "SKU_2XZ8BLE_1V4IZSP_3",
        "SKU_2XZ8BLE_1V4IZSP_4",
        "SKU_2XZ8BLE_1V4IZSP_5",
        "SKU_2XZ8BLE_1V4IZSP_6"
    ]
},
{
    "CoupangProductNumber": "6887925251 - 15270825360",
    "KeySpecifications": "for all skin types",
    "brand": "innisfree",
    "brandKo": "이니스프리",
    "capacity": "Capacity per piece × Quantity 80ml × 1 piece",
    "capacity2": "80ml",
    "category": "skin care",
    "category2": "Coupang Home > Beauty > Skin Care > Essence/Serum/Ampoule",
    "desc": "Skin type: all skin\nContainer type: pump type\nComponents: 1 Serum 80ml\nArea used: face",
    "link": "https://www.coupang.com/vp/products/6887925251?itemId=15270825360&vendorItemId=80823576705&sourceType=CATEGORY&categoryId=176422\n",
    "main_img": [
        "SKU_35WW54Z_70JUS9C_1",
        "SKU_35WW54Z_70JUS9C_2"
    ],
    "name": "Innisfree Green Tea Seed Serum",
    "nameKo": "이니스프리 그린티 씨드 세럼",
    "price_before_dc": "29,000 won",
    "price_after_dc": "KRW 18,790",
    "sku": "SKU_35WW54Z_70JUS9C",
    "textBetween": "",
    "thumbs": [
        "SKU_35WW54Z_70JUS9C_3",
        "SKU_35WW54Z_70JUS9C_4",
        "SKU_35WW54Z_70JUS9C_5"
    ]
},
{
    "CoupangProductNumber": "6248925733 - 12655849052",
    "KeySpecifications": "for all skin types",
    "brand": "aestura",
    "brandKo": "에스트라",
    "capacity": "Capacity per piece × Quantity 180ml × 1 piece",
    "capacity2": "180ml",
    "category": "skin care",
    "category2": "Coupang Home > Beauty > Skin Care > Lotion",
    "desc": "Skin type: all skin\nArea used: face\nSkin trouble: brightening",
    "link": "https://www.coupang.com/vp/products/6248925733?itemId=12655849052&vendorItemId=79923189403&sourceType=CATEGORY&categoryId=176422\n",
    "main_img": [
        "SKU_2VCG5YD_5TAYRMK_1",
        "SKU_2VCG5YD_5TAYRMK_2"
    ],
    "name": "Aestura Atobarrier 365 Lotion Plus",
    "nameKo": "에스트라 아토베리어 365 로션 플러스",
    "price_before_dc": "KRW 38,500",
    "price_after_dc": "KRW 34,650",
    "sku": "SKU_2VCG5YD_5TAYRMK",
    "textBetween": "",
    "thumbs": [
        "SKU_2VCG5YD_5TAYRMK_3",
        "SKU_2VCG5YD_5TAYRMK_4",
        "SKU_2VCG5YD_5TAYRMK_5",
        "SKU_2VCG5YD_5TAYRMK_6"
    ]
},
{
    "CoupangProductNumber": "5842750219 - 10144734581",
    "KeySpecifications": "for all skin types",
    "brand": "Espoir",
    "brandKo": "에스쁘아",
    "capacity": "Capacity per piece × Quantity 60ml × 1 piece",
    "capacity2": "60ml",
    "category": "skin care",
    "category2": "Coupang Home › Beauty › Skin Care   > Sun Care/Tanning   > Sun Care   > Sun Block/Sun Cream/Sun Lotion",
    "desc": "Skin type: all skin\nPart of use: face\nSPF: SPF50+\nPA Index: ++++",
    "link": "https://www.coupang.com/vp/products/5842750219?itemId=10144734581&vendorItemId=77427452807&sourceType=CATEGORY&categoryId=176422\n",
    "main_img": [
        "SKU_2OMMEX7_4NRWVAT_1"
    ],
    "name": "Espoir Water Splash Cica Tone-up Sun Cream SPF50+ PA++++",
    "nameKo": "에스쁘아 워터 스플래쉬 시카 톤업 선크림 SPF50+ PA++++",
    "price_before_dc": "20,000 won",
    "price_after_dc": "KRW 12,080",
    "sku": "SKU_2OMMEX7_4NRWVAT",
    "textBetween": "",
    "thumbs": [
        "SKU_2OMMEX7_4NRWVAT_2",
        "SKU_2OMMEX7_4NRWVAT_3",
        "SKU_2OMMEX7_4NRWVAT_4",
        "SKU_2OMMEX7_4NRWVAT_5"
    ]
},
{
    "CoupangProductNumber": "7107638815 - 17758933340",
    "KeySpecifications": "content reference",
    "brand": "daisy",
    "brandKo": "데이지크",
    "capacity": "Color × Quantity 01 Cover × 1",
    "capacity2": "content reference",
    "category": "make up",
    "category2": "Coupang Home > Beauty > Make-Up > Base Make-Up > Concealer",
    "desc": "Weight per piece: 9g",
    "link": "https://www.coupang.com/vp/products/7107638815?itemId=17758933340&vendorItemId=84923273448&sourceType=CATEGORY&categoryId=176422\n",
    "main_img": [
        "SKU_39JPD7J_85P7KNW_1",
        "SKU_39JPD7J_85P7KNW_2",
        "SKU_39JPD7J_85P7KNW_3",
        "SKU_39JPD7J_85P7KNW_4",
        "SKU_39JPD7J_85P7KNW_5",
        "SKU_39JPD7J_85P7KNW_6"
    ],
    "name": "Daisyk Pro Concealer Palette",
    "nameKo": "데이지크 프로 컨실러 팔레트",
    "price_before_dc": "KRW 29,160",
    "price_after_dc": "KRW 22,800",
    "sku": "SKU_39JPD7J_85P7KNW",
    "textBetween": "",
    "thumbs": [
        "SKU_39JPD7J_85P7KNW_7",
        "SKU_39JPD7J_85P7KNW_8",
        "SKU_39JPD7J_85P7KNW_9",
        "SKU_39JPD7J_85P7KNW_10"
    ]
},
{
    "CoupangProductNumber": "6892612199 - 16551726637",
    "KeySpecifications": "for all skin types",
    "brand": "Medi Cube",
    "brandKo": "메디큐브",
    "capacity": "Quantity per piece 1 set",
    "capacity2": "70 sheets",
    "category": "shower/wash",
    "category2": "Coupang Home > Single Life > Shower/Cleansing > Cleansing > Sheet/Tissue",
    "desc": "Skin Concerns: Pores",
    "link": "https://www.coupang.com/vp/products/6892612199?itemId=16551726637&vendorItemId=83738133614&sourceType=CATEGORY&categoryId=176422\n",
    "main_img": [
        "SKU_35ZOLLZ_7LQGY0D_1"
    ],
    "name": "Medicube Zero Pore Pad 2.0 70 sheets + Inner Cover + Tongs 2p",
    "nameKo": "메디큐브 제로 모공 패드 2.0 70매+속커버+집게2p",
    "price_before_dc": "KRW 39,800",
    "price_after_dc": "KRW 29,800",
    "sku": "SKU_35ZOLLZ_7LQGY0D",
    "textBetween": "",
    "thumbs": [
        "SKU_35ZOLLZ_7LQGY0D_2"
    ]
},
{
    "CoupangProductNumber": "238057 - 535947",
    "KeySpecifications": "for all skin types",
    "brand": "L'Oreal Paris",
    "brandKo": "로레알파리",
    "capacity": "Color × Quantity 1",
    "capacity2": "15ml",
    "category": "make up",
    "category2": "Coupang Home > Beauty > Make-up > Base Make-up > Base/Primer",
    "desc": "Color Series: Other Series\nType: Cream/Balm/Stick\nContainer type: jar type\nCapacity per piece: 15ml",
    "link": "https://www.coupang.com/vp/products/238057?itemId=535947&vendorItemId=3000422977&sourceType=CATEGORY&categoryId=176422\n",
    "main_img": [
        "SKU_53OP_BHJF_1",
        "SKU_53OP_BHJF_2"
    ],
    "name": "L'Oreal Paris Base Magic Primer 15ml",
    "nameKo": "로레알파리 베이스 매직 프라이머 15ml",
    "price_before_dc": "KRW 18,900",
    "price_after_dc": "KRW 13,580",
    "sku": "SKU_53OP_BHJF",
    "textBetween": "",
    "thumbs": [
        "SKU_53OP_BHJF_3",
        "SKU_53OP_BHJF_4",
        "SKU_53OP_BHJF_5",
        "SKU_53OP_BHJF_6"
    ]
},
{
    "CoupangProductNumber": "6417990108 - 13792854160",
    "KeySpecifications": "for all skin types",
    "brand": "cell fusion",
    "brandKo": "셀퓨전씨",
    "capacity": "Quantity 1 set",
    "capacity2": "45ml , 10ml",
    "category": "skin care",
    "category2": "Coupang Home › Beauty › Skin Care   > Sun Care/Tanning   > Sun Care   > Sun Block/Sun Cream/Sun Lotion",
    "desc": "Skin type: all skin\nPart of use: face\nTarget use: Unisex\nSPF: SPF50+",
    "link": "https://www.coupang.com/vp/products/6417990108?itemId=13792854160&vendorItemId=81043224952&sourceType=CATEGORY&categoryId=176422\n",
    "main_img": [
        "SKU_2Y53SV0_6C3WQDS_1",
        "SKU_2Y53SV0_6C3WQDS_2"
    ],
    "name": "Cell Fusion C Laser Sunscreen 100 SPF50+ PA+++ 45ml x 2p + 10ml",
    "nameKo": "셀퓨전씨 레이저 썬스크린 100 SPF50+ PA+++ 45ml x 2p + 10ml",
    "price_before_dc": "KRW 76,000",
    "price_after_dc": "KRW 26,550",
    "sku": "SKU_2Y53SV0_6C3WQDS",
    "textBetween": "",
    "thumbs": [
        "SKU_2Y53SV0_6C3WQDS_3",
        "SKU_2Y53SV0_6C3WQDS_4",
        "SKU_2Y53SV0_6C3WQDS_5"
    ]
},
{
    "CoupangProductNumber": "6750932167 - 17771867573",
    "KeySpecifications": "for all skin types",
    "brand": "laneige",
    "brandKo": "라네즈",
    "capacity": "Color × Quantity Mat 21N × 1",
    "capacity2": "content reference",
    "category": "make up",
    "category2": "Coupang Home > Beauty > Makeup > Base Makeup > Cushion/Pact",
    "desc": "Color family: nude/beige\nFunctional cosmetics certification: functional certification\nContainer type: cushion/sponge type\nType: Liquid/Gel",
    "link": "https://www.coupang.com/vp/products/6750932167?itemId=17771867573&vendorItemId=71038247120&sourceType=CATEGORY&categoryId=176422\n",
    "main_img": [
        "SKU_33NBWLJ_85WWSS5_1",
        "SKU_33NBWLJ_85WWSS5_2",
        "SKU_33NBWLJ_85WWSS5_3",
        "SKU_33NBWLJ_85WWSS5_4"
    ],
    "name": "Laneige Neo Cushion Foundation 15g",
    "nameKo": "라네즈 네오 쿠션 파운데이션 15g",
    "price_before_dc": "27,000 won",
    "price_after_dc": "KRW 20,380",
    "sku": "SKU_33NBWLJ_85WWSS5",
    "textBetween": "",
    "thumbs": [
        "SKU_33NBWLJ_85WWSS5_5",
        "SKU_33NBWLJ_85WWSS5_6",
        "SKU_33NBWLJ_85WWSS5_7"
    ]
},
{
    "CoupangProductNumber": "5062387329 - 6837072166",
    "KeySpecifications": "for all skin types",
    "brand": "innisfree",
    "brandKo": "이니스프리",
    "capacity": "Capacity per piece × Quantity 50ml × 1 piece",
    "capacity2": "Ampoule 50ml, Ampoule 10ml, Cream 10ml",
    "category": "skin care",
    "category2": "Coupang Home > Beauty > Skin Care > Essence/Serum/Ampoule",
    "desc": "Skin type: all skin\nFunctional cosmetics certification: functional certification\nComponents: 50mL+10mL+10mL\nSkin Concerns: Elasticity",
    "link": "https://www.coupang.com/vp/products/5062387329?itemId=6837072166&vendorItemId=74129699035&sourceType=CATEGORY&categoryId=176422\n",
    "main_img": [
        "SKU_2BQ0J29_352M6NA_1",
        "SKU_2BQ0J29_352M6NA_2",
        "SKU_2BQ0J29_352M6NA_3"
    ],
    "name": "Innisfree Black Tea Youth Enhancing Ampoule Large Capacity Set",
    "nameKo": "이니스프리 블랙티 유스 인핸싱 앰플 대용량 세트",
    "price_before_dc": "KRW 53,000",
    "price_after_dc": "KRW 36,500",
    "sku": "SKU_2BQ0J29_352M6NA",
    "textBetween": "",
    "thumbs": [
        "SKU_2BQ0J29_352M6NA_4",
        "SKU_2BQ0J29_352M6NA_5"
    ]
},
{
    "CoupangProductNumber": "6174360973 - 2647629542",
    "KeySpecifications": "for all skin types",
    "brand": "Dr. Age",
    "brandKo": "닥터에이지",
    "capacity": "Capacity per piece × Quantity 50ml × 2",
    "capacity2": "50ml",
    "category": "Clean/Vegan Beauty",
    "category2": "Coupang Home > Beauty > Clean/Vegan Beauty > Skin Care",
    "desc": "Cream type: gel cream\nSkin type: Combination\nSkin concerns: soothing/moisturizing\nArea used: face",
    "link": "https://www.coupang.com/vp/products/6174360973?itemId=2647629542&vendorItemId=70638435618&sourceType=CATEGORY&categoryId=176422\n",
    "main_img": [
        "SKU_2U41ZF1_17SBW12_1"
    ],
    "name": "Dr.Age Cica Repair Cream",
    "nameKo": "닥터에이지 시카 리페어크림",
    "price_before_dc": "KRW 36,000",
    "price_after_dc": "KRW 17,900",
    "sku": "SKU_2U41ZF1_17SBW12",
    "textBetween": "",
    "thumbs": [
        "SKU_2U41ZF1_17SBW12_2",
        "SKU_2U41ZF1_17SBW12_3",
        "SKU_2U41ZF1_17SBW12_4",
        "SKU_2U41ZF1_17SBW12_5"
    ]
},
{
    "CoupangProductNumber": "6360219127 - 13424086121",
    "KeySpecifications": "for all skin types",
    "brand": "merry sword",
    "brandKo": "메리쏘드",
    "capacity": "Color × Quantity 1",
    "capacity2": "30ml",
    "category": "make up",
    "category2": "Coupang Home > Beauty > Make-up > Base Make-up > Base/Primer",
    "desc": "Type: Liquid/Gel\nContainer type: tube/pump type\nCapacity per piece: 30ml\nColor Family: Other",
    "link": "https://www.coupang.com/vp/products/6360219127?itemId=13424086121&vendorItemId=80678695488&sourceType=CATEGORY&categoryId=176422\n",
    "main_img": [
        "SKU_2X6PKHJ_660CR55_1",
        "SKU_2X6PKHJ_660CR55_2",
        "SKU_2X6PKHJ_660CR55_3",
        "SKU_2X6PKHJ_660CR55_4",
        "SKU_2X6PKHJ_660CR55_5",
        "SKU_2X6PKHJ_660CR55_6",
        "SKU_2X6PKHJ_660CR55_7",
        "SKU_2X6PKHJ_660CR55_8",
        "SKU_2X6PKHJ_660CR55_9",
        "SKU_2X6PKHJ_660CR55_10",
        "SKU_2X6PKHJ_660CR55_11",
        "SKU_2X6PKHJ_660CR55_12",
        "SKU_2X6PKHJ_660CR55_13",
        "SKU_2X6PKHJ_660CR55_14",
        "SKU_2X6PKHJ_660CR55_15",
        "SKU_2X6PKHJ_660CR55_16",
        "SKU_2X6PKHJ_660CR55_17",
        "SKU_2X6PKHJ_660CR55_18",
        "SKU_2X6PKHJ_660CR55_19",
        "SKU_2X6PKHJ_660CR55_20",
        "SKU_2X6PKHJ_660CR55_21",
        "SKU_2X6PKHJ_660CR55_22",
        "SKU_2X6PKHJ_660CR55_23",
        "SKU_2X6PKHJ_660CR55_24",
        "SKU_2X6PKHJ_660CR55_25",
        "SKU_2X6PKHJ_660CR55_26",
        "SKU_2X6PKHJ_660CR55_27",
        "SKU_2X6PKHJ_660CR55_28",
        "SKU_2X6PKHJ_660CR55_29",
        "SKU_2X6PKHJ_660CR55_30",
        "SKU_2X6PKHJ_660CR55_31"
    ],
    "name": "Merry Sood Pore Fixing Primer 30ml",
    "nameKo": "메리쏘드 모공착 프라이머 30ml",
    "price_before_dc": "26,000 won",
    "price_after_dc": "KRW 13,760",
    "sku": "SKU_2X6PKHJ_660CR55",
    "textBetween": "",
    "thumbs": [
        "SKU_2X6PKHJ_660CR55_32",
        "SKU_2X6PKHJ_660CR55_33"
    ]
},
{
    "CoupangProductNumber": "5166844161 - 7119620013",
    "KeySpecifications": "for all skin type",
    "brand": "missha",
    "brandKo": "미샤",
    "capacity": "Capacity per piece × Quantity 40ml × 1 piece",
    "capacity2": "40ml",
    "category": "skin care",
    "category2": "Coupang Home > Beauty > Skin Care > Essence/Serum/Ampoule",
    "desc": "Weight per piece: 40g\nSkin type: all skin\nSkin Concerns: Elasticity\nContainer type: dropper type",
    "link": "https://www.coupang.com/vp/products/5166844161?itemId=7119620013&vendorItemId=74411448876&sourceType=CATEGORY&categoryId=176422\n",
    "main_img": [
        "SKU_2DG7EGX_39QU5YL_1",
        "SKU_2DG7EGX_39QU5YL_2"
    ],
    "name": "Missha Vita C Plus Dark Spot Elasticity Ampoule",
    "nameKo": "미샤 비타씨플러스 잡티씨 탄력앰플",
    "price_before_dc": "35,000 won",
    "price_after_dc": "KRW 16,560",
    "sku": "SKU_2DG7EGX_39QU5YL",
    "textBetween": "",
    "thumbs": [
        "SKU_2DG7EGX_39QU5YL_3",
        "SKU_2DG7EGX_39QU5YL_4"
    ]
},
{
    "CoupangProductNumber": "7090748589 - 17669040164",
    "KeySpecifications": "for all skin types",
    "brand": "Dr.G",
    "brandKo": "닥터지",
    "capacity": "Quantity 1 set",
    "capacity2": "content reference",
    "category": "skin care",
    "category2": "Coupang Home › Beauty › Skin Care   > Sun Care/Tanning   > Sun Care   > Sun Block/Sun Cream/Sun Lotion",
    "desc": "Capacity per piece: 35ml\nSkin type: sensitive/problematic\nSPF: SPF50+\nPA Index: ++++",
    "link": "https://www.coupang.com/vp/products/7090748589?itemId=17669040164&vendorItemId=84834442750&sourceType=CATEGORY&categoryId=176422\n",
    "main_img": [
        "SKU_399NCML_847OUN8_1",
        "SKU_399NCML_847OUN8_2",
        "SKU_399NCML_847OUN8_3",
        "SKU_399NCML_847OUN8_4"
    ],
    "name": "Dr.G Red Blemish Soothing Up Sun 35ml + 35ml Duo Set SPF50+ PA++++",
    "nameKo": "닥터지 레드 블레미쉬 수딩 업 선 35ml + 35ml 듀오 세트 SPF50+ PA++++",
    "price_before_dc": "KRW 37,450",
    "price_after_dc": "KRW 25,900",
    "sku": "SKU_399NCML_847OUN8",
    "textBetween": "",
    "thumbs": [
        "SKU_399NCML_847OUN8_5",
        "SKU_399NCML_847OUN8_6",
        "SKU_399NCML_847OUN8_7",
        "SKU_399NCML_847OUN8_8",
        "SKU_399NCML_847OUN8_9",
        "SKU_399NCML_847OUN8_10",
        "SKU_399NCML_847OUN8_11",
        "SKU_399NCML_847OUN8_12"
    ]
},
{
    "CoupangProductNumber": "7110049309 - 17771923177",
    "KeySpecifications": "for all skin types",
    "brand": "laneige",
    "brandKo": "라네즈",
    "capacity": "Color × Quantity Mat 21N × 1",
    "capacity2": "content reference",
    "category": "make up",
    "category2": "Coupang Home > Beauty > Makeup > Base Makeup > Cushion/Pact",
    "desc": "Weight per piece: 15g\nColor family: nude/beige\nFunctional cosmetics certification: functional certification\nContainer type: cushion/sponge type",
    "link": "https://www.coupang.com/vp/products/7110049309?itemId=17771923177&vendorItemId=71038246583&sourceType=CATEGORY&categoryId=176422\n",
    "main_img": [
        "SKU_39L515P_85WXZOP_1",
        "SKU_39L515P_85WXZOP_2",
        "SKU_39L515P_85WXZOP_3"
    ],
    "name": "Laneige Neo Cushion Foundation Refill 15g",
    "nameKo": "라네즈 네오 쿠션 파운데이션 리필 15g",
    "price_before_dc": "KRW 21,000",
    "price_after_dc": "KRW 15,790",
    "sku": "SKU_39L515P_85WXZOP",
    "textBetween": "",
    "thumbs": [
        "SKU_39L515P_85WXZOP_4",
        "SKU_39L515P_85WXZOP_5"
    ]
},
{
    "CoupangProductNumber": "6146620481 - 11833698112",
    "KeySpecifications": "for all skin types",
    "brand": "wellage",
    "brandKo": "웰라쥬",
    "capacity": "Capacity per piece × Quantity 100ml × 1 piece",
    "capacity2": "100ml",
    "category": "skin care",
    "category2": "Coupang Home > Beauty > Skin Care > Essence/Serum/Ampoule",
    "desc": "Skin type: all skin\nArea used: face\nContainer type: dropper type\nSkin concerns: soothing/moisturizing",
    "link": "https://www.coupang.com/vp/products/6146620481?itemId=11833698112&vendorItemId=79107118397&sourceType=CATEGORY&categoryId=176422\n",
    "main_img": [
        "SKU_2TNJEPT_5FPH7WG_1",
        "SKU_2TNJEPT_5FPH7WG_2",
        "SKU_2TNJEPT_5FPH7WG_3"
    ],
    "name": "Wellage Real Hyaluronic Blue Ampoule",
    "nameKo": "웰라쥬 리얼 히알루로닉 블루 앰플",
    "price_before_dc": "28,000 won",
    "price_after_dc": "KRW 22,400",
    "sku": "SKU_2TNJEPT_5FPH7WG",
    "textBetween": "",
    "thumbs": [
        "SKU_2TNJEPT_5FPH7WG_4",
        "SKU_2TNJEPT_5FPH7WG_5"
    ]
},
]